Product ID,Link
U1,https://www.ulta.com/p/perfect-clean-2-in-1-scalp-scrub-clarifying-shampoo-pimprod2013672?sku=2564029
U2,https://www.ulta.com/p/dream-filter-pre-shampoo-mineral-remover-pimprod2044136?sku=2607939
U3,https://www.ulta.com/p/volumizing-dry-shampoo-pimprod2043748?sku=2623373
U4,https://www.ulta.com/p/fructis-hair-filler-moisture-repair-shampoo-pimprod2043443?sku=2620116
U5,https://www.ulta.com/p/color-last-shampoo-xlsImpprod6490096?sku=2273894
U6,https://www.ulta.com/p/perfect-hair-day-dry-shampoo-pimprod2037265?sku=2604512
U7,https://www.ulta.com/p/strength-cure-shampoo-pimprod2017814?sku=2565130
U8,https://www.ulta.com/p/tea-tree-special-shampoo-xlsImpprod10271369?sku=2066538
U9,https://www.ulta.com/p/perfect-hair-day-advanced-clean-dry-shampoo-pimprod2027012?sku=2583168
U10,https://www.ulta.com/p/acidic-color-gloss-sulfate-free-shampoo-pimprod2042737?sku=2617579
U11,https://www.ulta.com/p/defy-damage-protective-shampoo-bond-strengthening-color-longevity-pimprod2004360?sku=2543143
U12,https://www.ulta.com/p/tea-tree-lavender-mint-moisturizing-shampoo-xlsImpprod10271349?sku=2206726
U13,https://www.ulta.com/p/food-soft-hydrating-shampoo-pimprod2038872?sku=2609296
U14,https://www.ulta.com/p/rosemary-mint-strengthening-shampoo-pimprod2033945?sku=2601427
U15,https://www.ulta.com/p/hair-cleansing-cream-clarifying-shampoo-pimprod2014463?sku=2580404
U16,https://www.ulta.com/p/strength-recovery-shampoo-damaged-hair-pimprod2034335?sku=2598755
U17,https://www.ulta.com/p/original-dry-shampoo-clean-classic-xlsImpprod2040049?sku=2515942
U18,https://www.ulta.com/p/k-pak-color-therapy-color-protecting-shampoo-pimprod2018623?sku=2563137
U19,https://www.ulta.com/p/hg-shampoo-thinning-hair-pimprod2045183?sku=2623814
U20,https://www.ulta.com/p/scalp-sync-clarifying-shampoo-pimprod2044108?sku=2620866
U21,https://www.ulta.com/p/so-silver-purple-shampoo-blonde-hair-xlsImpprod6490252?sku=2296952
U22,https://www.ulta.com/p/original-awapuhi-moisture-balancing-shampoo-xlsImpprod10271257?sku=6021124
U23,https://www.ulta.com/p/clarifying-detox-shampoo-pimprod2042821?sku=2616908
U24,https://www.ulta.com/p/nanoworks-gold-shampoo-pimprod2017798?sku=2565125
U25,https://www.ulta.com/p/strength-cure-blonde-purple-shampoo-pimprod2017806?sku=2565123
U26,https://www.ulta.com/p/thickening-volume-shampoo-xlsImpprod16451018?sku=2516136
U27,https://www.ulta.com/p/hydration-shampoo-pimprod2009727?sku=2552733
U28,https://www.ulta.com/p/rice-water-protein-hair-shampoo-bar-pimprod2029681?sku=2592294
U29,https://www.ulta.com/p/brazilian-joia-strengthening-smoothing-shampoo-pimprod2043092?sku=2618341
U30,https://www.ulta.com/p/travel-size-perfect-hair-day-dry-shampoo-pimprod2037266?sku=2604513
U31,https://www.ulta.com/p/hairdressers-invisible-oil-hydrating-shampoo-xlsImpprod16451012?sku=2542050
U32,https://www.ulta.com/p/scalp-revival-megastrength-dandruff-relief-shampoo-charcoal-ahabha-pimprod2034489?sku=2600267
U33,https://www.ulta.com/p/thickening-therapy-shampoo-pimprod2044294?sku=2621448
U34,https://www.ulta.com/p/acidic-bonding-curls-silicone-free-shampoo-pimprod2045234?sku=2622377
U35,https://www.ulta.com/p/flourish-volumizing-keratin-shampoo-thinning-hair-pimprod2029672?sku=2592070
U36,https://www.ulta.com/p/no-frizz-shampoo-smoothing-humidity-protection-pimprod2031848?sku=2593001
U37,https://www.ulta.com/p/color-security-shampoo-xlsImpprod5250095?sku=2259593
U38,https://www.ulta.com/p/blondage-high-bright-shampoo-blondes-highlights-pimprod2031800?sku=2594496
U39,https://www.ulta.com/p/awapuhi-wild-ginger-nourishing-shampoo-pimprod2041447?sku=2614261
U40,https://www.ulta.com/p/restore-shampoo-stronger-softer-hair-pimprod2031849?sku=2592977
U41,https://www.ulta.com/p/dark-oil-lightweight-shampoo-pimprod2008150?sku=2550682
U42,https://www.ulta.com/p/shampoo-two-clarifying-cleanser-xlsImpprod10271160?sku=6021667
U43,https://www.ulta.com/p/original-shampoo-one-xlsImpprod10271265?sku=6021122
U44,https://www.ulta.com/p/clarifying-shampoo-pimprod2037395?sku=2605205
U45,https://www.ulta.com/p/triple-repair-shampoo-bonding-damaged-hair-pimprod2042815?sku=2614448
U46,https://www.ulta.com/p/scalp-sync-calming-shampoo-pimprod2044107?sku=2620864
U47,https://www.ulta.com/p/balance-apple-cider-vinegar-sulfate-free-shampoo-pimprod2034215?sku=2599994
U48,https://www.ulta.com/p/volume-shampoo-pimprod2044499?sku=2622430
U49,https://www.ulta.com/p/bare-dry-shampoo-barely-scented-pimprod2009893?sku=2303413
U50,https://www.ulta.com/p/ultimate-repair-shampoo-pimprod2038482?sku=2608585
U51,https://www.ulta.com/p/travel-size-perfect-hair-day-phd-advanced-clean-dry-shampoo-pimprod2027257?sku=2583169
U52,https://www.ulta.com/p/tropical-dry-shampoo-coconut-exotic-pimprod2009866?sku=2283681
U53,https://www.ulta.com/p/weekend-hair-dry-shampoo-pimprod2008381?sku=2551484
U54,https://www.ulta.com/p/color-last-purple-shampoo-pimprod2005426?sku=2543696
U55,https://www.ulta.com/p/amazing-grace-shampoo-shower-gel-bubble-bath-xlsImpprod1500106?sku=2153939
U56,https://www.ulta.com/p/purple-shampoo-pimprod2031779?sku=2594004
U57,https://www.ulta.com/p/color-protecting-shampoo-pimprod2044501?sku=2622448
U58,https://www.ulta.com/p/dry-shampoo-overnight-deep-cleanse-pimprod2031990?sku=2596530
U59,https://www.ulta.com/p/sunday-shampoo-xlsImpprod16451154?sku=2515554
U60,https://www.ulta.com/p/3-in-1-shampoo-shower-gel-bubble-bath-pimprod2004454?sku=2209090
U61,https://www.ulta.com/p/moisture-shampoo-pimprod2044532?sku=2622720
U62,https://www.ulta.com/p/hydrating-shampoo-pimprod2024767?sku=2580720
U63,https://www.ulta.com/p/dry-shampoo-dark-tones-pimprod2038387?sku=2607917
U64,https://www.ulta.com/p/volumizing-full-shampoo-fine-flat-hair-pimprod2021472?sku=2595664
U65,https://www.ulta.com/p/shampoo-fragrance-free-pimprod2024626?sku=2584266
U66,https://www.ulta.com/p/penetraitt-shampoo-xlsImpprod4450509?sku=2162743
U67,https://www.ulta.com/p/volumizing-follicle-strengthening-shampoo-pimprod2038672?sku=2608473
U68,https://www.ulta.com/p/color-obsessed-shampoo-xlsImpprod6490206?sku=2296948
U69,https://www.ulta.com/p/clarify-shampoo-pimprod2044536?sku=2622433
U70,https://www.ulta.com/p/healing-colorcare-color-preserving-shampoo-xlsImpprod10112004?sku=2105590
U71,https://www.ulta.com/p/a-curl-can-dream-shampoo-pimprod2026749?sku=2586590
U72,https://www.ulta.com/p/dry-shampoo-light-tones-pimprod2038386?sku=2607915
U73,https://www.ulta.com/p/keraphix-damage-healing-shampoo-xlsImpprod17871149?sku=2521676
U74,https://www.ulta.com/p/7seconds-shampoo-pimprod2043569?sku=2622994
U75,https://www.ulta.com/p/castor-oil-nourishing-hair-shampoo-bar-pimprod2029684?sku=2592296
U76,https://www.ulta.com/p/bond-therapy-sulfate-free-shampoo-pimprod2041089?sku=2614275
U77,https://www.ulta.com/p/travel-size-dry-shampoo-xlsImpprod5050253?sku=2288433
U78,https://www.ulta.com/p/oil-control-dry-shampoo-with-nettle-xlsImpprod14811083?sku=2552990
U79,https://www.ulta.com/p/volume-shampoo-pimprod2024777?sku=2580727
U80,https://www.ulta.com/p/hint-of-color-dry-shampoo-brilliant-blonde-pimprod2009899?sku=2234687
U81,https://www.ulta.com/p/volumizing-shampoo-pimprod2037388?sku=2605201
U82,https://www.ulta.com/p/wake-up-call-volumizing-shampoo-pimprod2026761?sku=2585499
U83,https://www.ulta.com/p/rapid-repair-shampoo-damaged-hair-pimprod2014461?sku=2564052
U84,https://www.ulta.com/p/super-strong-shampoo-xlsImpprod10271329?sku=2112390
U85,https://www.ulta.com/p/everpure-sulfate-free-clarifying-shampoo-with-antioxidants-pimprod2042392?sku=2617200
U86,https://www.ulta.com/p/caviar-anti-aging-multiplying-volume-shampoo-pimprod2000186?sku=2534316
U87,https://www.ulta.com/p/cleansing-shampoo-pimprod2016691?sku=2565545
U88,https://www.ulta.com/p/shampoo-three-chlorine-removing-cleanser-xlsImpprod10271158?sku=2149032
U89,https://www.ulta.com/p/tea-tree-mint-clarifying-hair-shampoo-bar-pimprod2029686?sku=2592298
U90,https://www.ulta.com/p/gentle-moisturizing-shampoo-xlsImpprod16451056?sku=2516153
U91,https://www.ulta.com/p/rosemary-purify-clarifying-shampoo-pimprod2014376?sku=2560421
U92,https://www.ulta.com/p/oh-bee-hive-volumizing-dry-shampoo-day-2-hair-pimprod2022522?sku=2576182
U93,https://www.ulta.com/p/travel-size-color-last-shampoo-xlsImpprod10141008?sku=2273895
U94,https://www.ulta.com/p/clean-pure-shampoo-pimprod2015677?sku=2560874
U95,https://www.ulta.com/p/brews-daily-shampoo-xlsImpprod17701087?sku=2524387
U96,https://www.ulta.com/p/restructuring-bond-repair-shampoo-pimprod2027098?sku=2586404
U97,https://www.ulta.com/p/water-works-clarifying-shampoo-xlsImpprod3780041?sku=2238639
U98,https://www.ulta.com/p/apple-cider-vinegar-soothing-shampoo-pimprod2015607?sku=2562979
U99,https://www.ulta.com/p/star-dust-dry-shampoo-powder-pimprod2034135?sku=2600998
U100,https://www.ulta.com/p/apple-cider-detox-shampoo-pimprod2027246?sku=2585951
U101,https://www.ulta.com/p/superfoods-mango-cherry-oil-control-balancing-shampoo-pimprod2031505?sku=2594580
U102,https://www.ulta.com/p/shampoo-pimprod2024625?sku=2584265
U103,https://www.ulta.com/p/violet-purple-toning-shampoo-pimprod2020647?sku=2576514
U104,https://www.ulta.com/p/color-boost-follicle-strengthening-shampoo-pimprod2038675?sku=2608476
U105,https://www.ulta.com/p/pomegranate-honey-moisturizing-detangling-shampoo-pimprod2032142?sku=2595081
U106,https://www.ulta.com/p/deep-hydration-follicle-strengthening-shampoo-pimprod2038670?sku=2608471
U107,https://www.ulta.com/p/silver-lining-purple-brightening-shampoo-grey-white-hair-pimprod2026704?sku=2585505
U108,https://www.ulta.com/p/purple-shampoo-pimprod2043100?sku=2617797
U109,https://www.ulta.com/p/violet-shampoo-pimprod2044533?sku=2622452
U110,https://www.ulta.com/p/like-a-virgin-super-hydrating-shampoo-pimprod2029115?sku=2622709
U111,https://www.ulta.com/p/fresh-dry-shampoo-light-breezy-pimprod2009868?sku=2227789
U112,https://www.ulta.com/p/purple-toning-solid-shampoo-bar-pimprod2037038?sku=2606291
U113,https://www.ulta.com/p/blonda-toning-shampoo-pimprod2043568?sku=2622993
U114,https://www.ulta.com/p/body-volume-boosting-shampoo-pimprod2031948?sku=2594430
U115,https://www.ulta.com/p/amla-oil-bond-repair-shampoo-pimprod2044651?sku=2620662
U116,https://www.ulta.com/p/travel-size-acidic-color-gloss-sulfate-free-shampoo-pimprod2042835?sku=2619142
U117,https://www.ulta.com/p/amino-bond-shampoo-pimprod2042973?sku=2617641
U118,https://www.ulta.com/p/travel-size-strength-cure-shampoo-pimprod2017818?sku=2565119
U119,https://www.ulta.com/p/blush-dry-shampoo-floral-flirty-pimprod2009870?sku=2217463
U120,https://www.ulta.com/p/rose-gold-dry-shampoo-pretty-delicate-pimprod2009908?sku=2520184
U121,https://www.ulta.com/p/perfect-repair-shampoo-refill-pimprod2017208?sku=2568898
U122,https://www.ulta.com/p/everpure-glossing-shampoo-pimprod2028152?sku=2589176
U123,https://www.ulta.com/p/smooth-shampoo-coarse-textured-hair-pimprod2021753?sku=2577879
U124,https://www.ulta.com/p/intense-therapy-shampoo-pimprod2019286?sku=2566080
U125,https://www.ulta.com/p/colorkick-blue-purple-de-brassing-shampoo-all-hair-shades-pimprod2030127?sku=2593838
U126,https://www.ulta.com/p/acv-revitalizing-shampoo-pimprod2039426?sku=2608598
U127,https://www.ulta.com/p/color-me-brilliant-mushroom-bamboo-color-protect-shampoo-pimprod2037055?sku=2606254
U128,https://www.ulta.com/p/nutricurls-waves-shampoo-pimprod2008398?sku=2560286
U129,https://www.ulta.com/p/goddess-strength-fortifying-shampoo-pimprod2019970?sku=2572928
U130,https://www.ulta.com/p/volumizing-dry-shampoo-with-flax-pimprod2032006?sku=2594709
U131,https://www.ulta.com/p/invigo-volume-boost-shampoo-pimprod2003495?sku=2541301
U132,https://www.ulta.com/p/curl-hooked-100-clean-shampoo-with-root-locking-technology-pimprod2044131?sku=2607947
U133,https://www.ulta.com/p/second-chance-dry-shampoo-pimprod2012637?sku=2560998
U134,https://www.ulta.com/p/perfect-repair-shampoo-pimprod2013647?sku=2564021
U135,https://www.ulta.com/p/unbreakable-bonds-bond-building-shampoo-pimprod2037850?sku=2607870
U136,https://www.ulta.com/p/healthy-hair-refresh-dry-shampoo-pimprod2021787?sku=2577993
U137,https://www.ulta.com/p/creme-de-coco-tropical-riche-shampoo-xlsImpprod16451156?sku=2515559
U138,https://www.ulta.com/p/invigo-blonde-recharge-cool-blonde-purple-shampoo-pimprod2003497?sku=2541299
U139,https://www.ulta.com/p/pomegranate-honey-moisturizing-detangling-shampoo-pimprod2039394?sku=2612267
U140,https://www.ulta.com/p/everpure-sulfate-free-simply-clean-shampoo-pimprod2040683?sku=2611249
U141,https://www.ulta.com/p/travel-size-tea-tree-special-shampoo-xlsImpprod10271367?sku=2270737
U142,https://www.ulta.com/p/surf-foam-wash-shampoo-xlsImpprod16451070?sku=2516160
U143,https://www.ulta.com/p/therapeutic-mint-thickening-shampoo-pimprod2013783?sku=2560507
U144,https://www.ulta.com/p/ultra-sensitive-solid-shampoo-body-wash-bar-pimprod2044017?sku=2621149
U145,https://www.ulta.com/p/travel-size-no-frizz-shampoo-smoothing-humidity-protection-pimprod2031846?sku=2592973
U146,https://www.ulta.com/p/tone-it-down-blonde-shampoo-pimprod2023246?sku=2577944
U147,https://www.ulta.com/p/nutricurls-curls-micellar-shampoo-pimprod2008399?sku=2560287
U148,https://www.ulta.com/p/tone-it-away-purple-shampoo-pimprod2034149?sku=2599378
U149,https://www.ulta.com/p/travel-size-oil-control-dry-shampoo-with-nettle-xlsImpprod14811085?sku=2552988
U150,https://www.ulta.com/p/travel-size-hydration-shampoo-pimprod2009734?sku=2552731
U151,https://www.ulta.com/p/fructis-hair-filler-strength-repair-shampoo-pimprod2043439?sku=2620122
U152,https://www.ulta.com/p/heal-hydrate-shea-butter-shampoo-xlsImpprod14071302?sku=2302472
U153,https://www.ulta.com/p/vibes-hair-slay-daily-moisturizing-shampoo-pimprod2038227?sku=2608246
U154,https://www.ulta.com/p/bonding-shampoo-pimprod2041229?sku=2614437
U155,https://www.ulta.com/p/hydrating-sulfate-free-silicone-free-curl-shampoo-pimprod2021471?sku=2577893
U156,https://www.ulta.com/p/detox-dry-shampoo-with-aquatic-mint-pimprod2017871?sku=2569499
U157,https://www.ulta.com/p/travel-size-tea-tree-lavender-mint-moisturizing-shampoo-xlsImpprod10271347?sku=2270746
U158,https://www.ulta.com/p/quenching-coconut-curls-curl-defining-shampoo-xlsImpprod11731437?sku=2283709
U159,https://www.ulta.com/p/super-strength-shampoo-pimprod2034427?sku=2600782
U160,https://www.ulta.com/p/travel-size-clarifying-shampoo-three-xlsImpprod10271156?sku=2047417
U161,https://www.ulta.com/p/travel-size-awapuhi-wild-ginger-nourishing-shampoo-pimprod2041446?sku=2614259
U162,https://www.ulta.com/p/manuka-honey-yogurt-hydrate-repair-shampoo-pimprod2014881?sku=2563350
U163,https://www.ulta.com/p/travel-size-strength-recovery-shampoo-damaged-hair-pimprod2034636?sku=2598753
U164,https://www.ulta.com/p/travel-size-original-awapuhi-shampoo-xlsImpprod10271255?sku=2047418
U165,https://www.ulta.com/p/blonde-rx-purple-toning-shampoo-pimprod2034422?sku=2600778
U166,https://www.ulta.com/p/travel-size-sunday-shampoo-pimprod2024163?sku=2581057
U167,https://www.ulta.com/p/nourishing-coconut-milk-shampoo-xlsImpprod560220?sku=2149482
U168,https://www.ulta.com/p/born-repair-sulfate-free-nourishing-shampoo-pimprod2038829?sku=2609999
U169,https://www.ulta.com/p/travel-size-hairdressers-invisible-oil-hydrating-shampoo-xlsImpprod16451010?sku=2516134
U170,https://www.ulta.com/p/heal-hydrate-shea-butter-shampoo-pimprod2042787?sku=2617823
U171,https://www.ulta.com/p/extra-strength-damage-remedy-coconut-miracle-oil-shampoo-xlsImpprod14071338?sku=2302490
U172,https://www.ulta.com/p/travel-size-restore-shampoo-stronger-softer-hair-pimprod2031850?sku=2592978
U173,https://www.ulta.com/p/travel-size-curl-moisturizing-shampoo-pimprod2022817?sku=2579282
U174,https://www.ulta.com/p/sunday-purifying-clay-wash-shampoo-pimprod2039318?sku=2612124
U175,https://www.ulta.com/p/fructis-hair-filler-color-repair-shampoo-pimprod2043441?sku=2620117
U176,https://www.ulta.com/p/travel-size-strength-cure-blonde-purple-shampoo-pimprod2017807?sku=2565137
U177,https://www.ulta.com/p/travel-size-tone-it-away-purple-shampoo-pimprod2034152?sku=2599377
U178,https://www.ulta.com/p/travel-size-unbreakable-bonds-bond-building-shampoo-pimprod2038140?sku=2607871
U179,https://www.ulta.com/p/travel-size-original-shampoo-one-xlsImpprod10271263?sku=2047415
U180,https://www.ulta.com/p/travel-size-nanoworks-gold-shampoo-pimprod2017799?sku=2565110
U181,https://www.ulta.com/p/african-black-soap-reviving-shampoo-pimprod2044872?sku=2620733
U182,https://www.ulta.com/p/essential-moisture-cleanser-pimprod2036657?sku=2603761
U183,https://www.ulta.com/p/curlheights-volume-body-boost-cleanser-pimprod2042788?sku=2620074
U184,https://www.ulta.com/p/curl-recovery-ultra-nourishing-cleansing-oil-xlsImpprod5080017?sku=2257053
U185,https://www.ulta.com/p/curlbond-re-coiling-mild-lather-cleanser-pimprod2025868?sku=2581855
U186,https://www.ulta.com/p/travel-size-essential-moisture-cleanser-pimprod2041547?sku=2612437
U187,https://www.ulta.com/p/blueberry-bliss-reparative-hair-wash-pimprod2025622?sku=2583870
U188,https://www.ulta.com/p/acidic-bonding-concentrate-intensive-pre-shampoo-treatment-damaged-hair-pimprod2032106?sku=2594501
U189,https://www.ulta.com/p/elixir-hair-pre-shampoo-oil-thicker-stronger-fuller-looking-hair-pimprod2034444?sku=2600643
U190,https://www.ulta.com/p/perfect-clean-scalp-rinse-pimprod2037622?sku=2603016
U191,https://www.ulta.com/p/strength-recovery-repairing-leave-in-conditioner-spray-with-heat-protection-pimprod2034333?sku=2598749
U192,https://www.ulta.com/p/travel-size-hairdressers-invisible-oil-heat-protectant-leave-in-conditioner-primer-xlsImpprod16451002?sku=2516132
U193,https://www.ulta.com/p/restore-repair-hair-leave-in-conditioner-xlsImpprod10691002?sku=2276275
U194,https://www.ulta.com/p/travel-size-moisture-lock-leave-in-conditioner-xlsImpprod5330023?sku=2259267
U195,https://www.ulta.com/p/acidic-bonding-concentrate-leave-in-conditioner-damaged-hair-pimprod2022378?sku=2578817
U196,https://www.ulta.com/p/miracle-leave-in-conditioner-plus-keratin-xlsImpprod6481240?sku=2230053
U197,https://www.ulta.com/p/brazilian-joia-milky-leave-in-conditioner-pimprod2043063?sku=2618344
U198,https://www.ulta.com/p/leave-in-conditioner-pimprod2009735?sku=2552737
U199,https://www.ulta.com/p/multi-use-softening-leave-in-conditioner-pimprod2044874?sku=2620734
U200,https://www.ulta.com/p/multi-tasking-conditioner-pimprod2024561?sku=2579990
U201,https://www.ulta.com/p/hydra-source-conditioning-balm-xlsImpprod12991105?sku=2290682
U202,https://www.ulta.com/p/sweet-potato-pie-extra-creamy-leave-in-conditioner-pimprod2036617?sku=2605311
U203,https://www.ulta.com/p/original-conditioner-moisture-balancing-leave-in-xlsImpprod10271269?sku=2116146
U204,https://www.ulta.com/p/h2-whoa-hydrating-leave-in-conditioner-pimprod2042742?sku=2617199
U205,https://www.ulta.com/p/moisture-lock-leave-in-conditioner-xlsImpprod3780009?sku=2238659
U206,https://www.ulta.com/p/pomegranate-honey-leave-in-conditioner-pimprod2032139?sku=2595080
U207,https://www.ulta.com/p/healthy-sexy-hair-tri-wheat-leave-in-conditioner-xlsImpprod17671267?sku=2520199
U208,https://www.ulta.com/p/mistress-hydrating-hair-balm-pimprod2005576?sku=2546425
U209,https://www.ulta.com/p/fast-food-leave-on-conditioner-pimprod2034214?sku=2599992
U210,https://www.ulta.com/p/tea-tree-lavender-mint-conditioning-leave-in-spray-pimprod2000552?sku=2533371
U211,https://www.ulta.com/p/leave-in-conditioner-pimprod2037396?sku=2605226
U212,https://www.ulta.com/p/amla-oil-bond-repair-leave-in-conditioner-pimprod2044530?sku=2620670
U213,https://www.ulta.com/p/awapuhi-moisture-conditioning-mist-xlsImpprod10271247?sku=6024734
U214,https://www.ulta.com/p/rosemary-mint-strengthening-leave-in-conditioner-pimprod2033944?sku=2601426
U215,https://www.ulta.com/p/like-a-virgin-hydrating-detangling-leave-in-conditioner-pimprod2033706?sku=2601028
U216,https://www.ulta.com/p/blueberry-bliss-reparative-leave-in-conditioner-pimprod2025592?sku=2594225
U217,https://www.ulta.com/p/jamaican-black-castor-oil-strengthen-restore-leave-in-conditioner-xlsImpprod11361003?sku=2281363
U218,https://www.ulta.com/p/green-tea-super-moist-leave-in-conditioner-pimprod2005382?sku=2544774
U219,https://www.ulta.com/p/way-grow-leave-in-conditioner-xlsImpprod6340354?sku=2270344
U220,https://www.ulta.com/p/travel-size-miracle-leave-in-conditioner-plus-keratin-xlsImpprod6481242?sku=2243483
U221,https://www.ulta.com/p/detangling-heat-protectant-purifying-leave-in-conditioner-pimprod2021762?sku=2577886
U222,https://www.ulta.com/p/mango-tulsi-nourishing-leave-in-conditioner-pimprod2033155?sku=2597344
U223,https://www.ulta.com/p/travel-size-leave-in-conditioner-pimprod2009732?sku=2552736
U224,https://www.ulta.com/p/frizz-free-shea-butter-leave-in-conditioning-mist-pimprod2023245?sku=2576622
U225,https://www.ulta.com/p/white-peony-leave-in-conditioner-pimprod2032143?sku=2595082
U226,https://www.ulta.com/p/travel-size-multi-tasking-conditioner-pimprod2031603?sku=2594926
U227,https://www.ulta.com/p/elvive-dream-lengths-no-haircut-cream-leave-in-conditioner-pimprod2042895?sku=2621585
U228,https://www.ulta.com/p/tea-tree-hair-body-moisturizer-xlsImpprod16401211?sku=2270685
U229,https://www.ulta.com/p/jamaican-black-castor-oil-strengthen-restore-travel-size-leave-in-pimprod2040935?sku=2613217
U230,https://www.ulta.com/p/travel-size-tea-tree-hair-body-moisturizer-xlsImpprod16801012?sku=2270684
U231,https://www.ulta.com/p/color-fanatic-multi-tasking-leave-in-conditioner-pimprod2037925?sku=2607204
U232,https://www.ulta.com/p/all-in-one-coconut-multi-benefit-leave-in-conditioner-spray-pimprod2003307?sku=2540174
U233,https://www.ulta.com/p/extreme-anti-snap-anti-breakage-leave-in-conditioner-xlsImpprod15511085?sku=2580470
U234,https://www.ulta.com/p/miracle-creator-multi-benefit-leave-in-conditioner-spray-xlsImpprod13531051?sku=2296967
U235,https://www.ulta.com/p/extreme-length-leave-in-conditioner-pimprod2014987?sku=2580472
U236,https://www.ulta.com/p/travel-size-color-fanatic-multi-tasking-leave-in-conditioner-pimprod2037923?sku=2607203
U237,https://www.ulta.com/p/strength-cure-miracle-filler-leave-in-conditioner-pimprod2017811?sku=2565122
U238,https://www.ulta.com/p/ghost-dry-conditioner-oil-pimprod2024763?sku=2580719
U239,https://www.ulta.com/p/ego-boost-split-end-mender-leave-in-conditioner-xlsImpprod4750003?sku=2052572
U240,https://www.ulta.com/p/acidic-color-gloss-heat-protection-treatment-pimprod2042823?sku=2617583
U241,https://www.ulta.com/p/revitalizing-3-in-1-leave-in-treatment-xlsImpprod12041815?sku=2284240
U242,https://www.ulta.com/p/all-soft-conditioner-xlsImpprod15511073?sku=2580408
U243,https://www.ulta.com/p/hydrate-conditioner-xlsImpprod3410045?sku=2565758
U244,https://www.ulta.com/p/acidic-bonding-concentrate-conditioner-pimprod2022377?sku=2578816
U245,https://www.ulta.com/p/ultra-hydra-source-conditioner-xlsImpprod10141018?sku=2273900
U246,https://www.ulta.com/p/color-last-conditioner-xlsImpprod6490092?sku=2273908
U247,https://www.ulta.com/p/strength-cure-conditioner-pimprod2017809?sku=2565133
U248,https://www.ulta.com/p/extreme-conditioner-xlsImpprod15511053?sku=2580458
U249,https://www.ulta.com/p/defy-damage-protective-conditioner-pimprod2004231?sku=2543137
U250,https://www.ulta.com/p/acidic-color-gloss-conditioner-pimprod2042822?sku=2617581
U251,https://www.ulta.com/p/food-soft-detangling-hydrating-conditioner-pimprod2038873?sku=2609300
U252,https://www.ulta.com/p/volume-injection-conditioner-pimprod2024523?sku=2580406
U253,https://www.ulta.com/p/ghost-conditioner-pimprod2024762?sku=2580714
U254,https://www.ulta.com/p/tea-tree-lavender-mint-moisturizing-conditioner-xlsImpprod10271345?sku=2206728
U255,https://www.ulta.com/p/all-soft-mega-curls-conditioner-pimprod2038004?sku=2609290
U256,https://www.ulta.com/p/strength-recovery-conditioner-damaged-hair-pimprod2034334?sku=2598752
U257,https://www.ulta.com/p/mega-sleek-conditioner-xlsImpprod6490244?sku=2296987
U258,https://www.ulta.com/p/k-pak-color-therapy-conditioner-pimprod2016268?sku=2563145
U259,https://www.ulta.com/p/blondage-color-depositing-purple-conditioner-xlsImpprod18231007?sku=2580380
U260,https://www.ulta.com/p/miracle-deep-conditioner-plus-keratin-xlsImpprod6481214?sku=2243485
U261,https://www.ulta.com/p/perfect-hair-day-conditioner-hydration-shine-pimprod2031836?sku=2592971
U262,https://www.ulta.com/p/full-conditioner-volume-fullness-pimprod2031831?sku=2592987
U263,https://www.ulta.com/p/scalp-sync-universal-conditioner-pimprod2044109?sku=2620868
U264,https://www.ulta.com/p/nanoworks-gold-conditioner-pimprod2017796?sku=2565113
U265,https://www.ulta.com/p/no5p-blonde-enhancer-toning-conditioner-pimprod2041409?sku=2615051
U266,https://www.ulta.com/p/rosemary-mint-strengthening-conditioner-pimprod2038644?sku=2607702
U267,https://www.ulta.com/p/caviar-anti-aging-replenishing-moisture-conditioner-xlsImpprod540378?sku=2143392
U268,https://www.ulta.com/p/medium-conditioner-curlies-pimprod2009724?sku=2552743
U269,https://www.ulta.com/p/smooth-perfection-conditioner-pimprod2017800?sku=2565124
U270,https://www.ulta.com/p/brazilian-joia-strengthening-smoothing-conditioner-pimprod2043090?sku=2618342
U271,https://www.ulta.com/p/acidic-bonding-curls-silicone-free-conditioner-pimprod2045235?sku=2622379
U272,https://www.ulta.com/p/thickening-volume-conditioner-pimprod2042832?sku=2619838
U273,https://www.ulta.com/p/no-frizz-conditioner-smoothing-humidity-pimprod2031852?sku=2593003
U274,https://www.ulta.com/p/rice-water-protein-hair-conditioner-bar-pimprod2029682?sku=2592295
U275,https://www.ulta.com/p/curl-3-in-1-moisturizing-conditioner-pimprod2018227?sku=2565568
U276,https://www.ulta.com/p/triple-repair-conditioner-bonding-damaged-hair-pimprod2042816?sku=2614450
U277,https://www.ulta.com/p/dark-oil-lightweight-conditioner-pimprod2008317?sku=2550684
U278,https://www.ulta.com/p/restore-conditioner-stronger-softer-hair-pimprod2031854?sku=2592982
U279,https://www.ulta.com/p/full-density-conditioner-pimprod2034592?sku=2598758
U280,https://www.ulta.com/p/drench-conditioner-xlsImpprod4450479?sku=2162750
U281,https://www.ulta.com/p/strength-cure-blonde-purple-conditioner-pimprod2017804?sku=2565138
U282,https://www.ulta.com/p/essential-moisture-conditioner-pimprod2036658?sku=2603762
U283,https://www.ulta.com/p/hydrating-conditioner-pimprod2024765?sku=2580725
U284,https://www.ulta.com/p/boost-apple-cider-vinegar-silicone-free-conditioner-pimprod2034274?sku=2600029
U285,https://www.ulta.com/p/ultimate-repair-conditioner-pimprod2038483?sku=2608587
U286,https://www.ulta.com/p/flourish-thickening-detangling-conditioner-thinning-hair-pimprod2029674?sku=2592071
U287,https://www.ulta.com/p/color-care-smoothing-conditioner-xlsImpprod10111268?sku=2543445
U288,https://www.ulta.com/p/moisture-conditioner-pimprod2044534?sku=2622722
U289,https://www.ulta.com/p/super-strong-conditioner-xlsImpprod10271325?sku=2112393
U290,https://www.ulta.com/p/travel-size-hydrate-conditioner-xlsImpprod4150127?sku=2565101
U291,https://www.ulta.com/p/penetraitt-conditioner-xlsImpprod4450507?sku=2162745
U292,https://www.ulta.com/p/volume-conditioner-pimprod2044500?sku=2622454
U293,https://www.ulta.com/p/keraphix-conditioner-xlsImpprod17871151?sku=2521678
U294,https://www.ulta.com/p/color-protecting-conditioner-pimprod2044502?sku=2622451
U295,https://www.ulta.com/p/color-security-conditioner-fine-normal-hair-xlsImpprod5250097?sku=2259595
U296,https://www.ulta.com/p/rapid-repair-conditioner-damaged-hair-pimprod2014480?sku=2564043
U297,https://www.ulta.com/p/thickening-full-conditioner-fine-flat-hair-pimprod2021466?sku=2595663
U298,https://www.ulta.com/p/mane-magic-10-in-1-conditioner-pimprod2030466?sku=2591963
U299,https://www.ulta.com/p/silk-express-miracle-silk-conditioner-xlsImpprod6481252?sku=2257337
U300,https://www.ulta.com/p/heavy-conditioner-coilies-pimprod2009728?sku=2552739
U301,https://www.ulta.com/p/liquid-glass-smoothing-conditioner-pimprod2013459?sku=2558230
U302,https://www.ulta.com/p/instacure-anti-breakage-conditioner-pimprod2031817?sku=2594906
U303,https://www.ulta.com/p/7seconds-conditioner-pimprod2043567?sku=2622992
U304,https://www.ulta.com/p/plumping-deep-conditioner-pimprod2041408?sku=2617047
U305,https://www.ulta.com/p/volumizing-follicle-strengthening-conditioner-pimprod2038679?sku=2608481
U306,https://www.ulta.com/p/bond-therapy-conditioner-pimprod2041087?sku=2614277
U307,https://www.ulta.com/p/conditioner-fragrance-free-pimprod2024632?sku=2584272
U308,https://www.ulta.com/p/intensive-conditioner-curls-coils-pimprod2008693?sku=2552745
U309,https://www.ulta.com/p/curl-talk-bond-building-conditioner-pimprod2036417?sku=2602495
U310,https://www.ulta.com/p/color-security-conditioner-normal-thick-hair-xlsImpprod5250099?sku=2259597
U311,https://www.ulta.com/p/invigo-brilliance-conditioner-coarse-hair-pimprod2003704?sku=2541279
U312,https://www.ulta.com/p/volume-conditioner-pimprod2024778?sku=2580736
U313,https://www.ulta.com/p/restructuring-bond-repair-conditioner-pimprod2027100?sku=2586405
U314,https://www.ulta.com/p/lightweight-conditioner-pimprod2022154?sku=2565548
U315,https://www.ulta.com/p/smoothing-conditioner-pimprod2037391?sku=2605204
U316,https://www.ulta.com/p/coconut-oil-deep-moisturizing-hair-conditioner-bar-pimprod2029688?sku=2592299
U317,https://www.ulta.com/p/travel-size-color-last-conditioner-xlsImpprod10141006?sku=2273909
U318,https://www.ulta.com/p/unbreak-my-blonde-sulfate-free-strengthening-conditioner-pimprod2024497?sku=2580275
U319,https://www.ulta.com/p/wake-up-call-volumizing-conditioner-pimprod2026763?sku=2585500
U320,https://www.ulta.com/p/pomegranate-honey-moisturizing-detangling-conditioner-pimprod2032145?sku=2595083
U321,https://www.ulta.com/p/superfoods-banana-coconut-nourishing-conditioner-pimprod2021228?sku=2575488
U322,https://www.ulta.com/p/caviar-anti-aging-multiplying-volume-conditioner-pimprod2000185?sku=2534354
U323,https://www.ulta.com/p/nutricurls-detangling-conditioner-pimprod2008401?sku=2550673
U324,https://www.ulta.com/p/superfoods-mango-cherry-oil-control-balancing-conditioner-pimprod2031503?sku=2594581
U325,https://www.ulta.com/p/amla-oil-bond-repair-conditioner-pimprod2044652?sku=2620663
U326,https://www.ulta.com/p/conditioner-pimprod2024629?sku=2584269
U327,https://www.ulta.com/p/amino-bond-conditioner-pimprod2042974?sku=2617640
U328,https://www.ulta.com/p/curlheights-volume-body-boost-conditioner-pimprod2042757?sku=2620073
U329,https://www.ulta.com/p/smooth-conditioner-coarse-textured-hair-pimprod2021755?sku=2577881
U330,https://www.ulta.com/p/everpure-glossing-conditioner-pimprod2028156?sku=2589177
U331,https://www.ulta.com/p/shea-butter-hydrating-conditioner-bar-pimprod2029687?sku=2592297
U332,https://www.ulta.com/p/keratin-protein-smoothing-deep-conditioner-packette-xlsImpprod11171015?sku=2280588
U333,https://www.ulta.com/p/perfect-repair-conditioner-refill-pimprod2017209?sku=2569002
U334,https://www.ulta.com/p/everpure-sulfate-free-restoring-conditioner-with-antioxidants-pimprod2042393?sku=2617202
U335,https://www.ulta.com/p/travel-size-all-soft-conditioner-xlsImpprod15511075?sku=2503858
U336,https://www.ulta.com/p/intense-therapy-conditioner-pimprod2019287?sku=2566081
U337,https://www.ulta.com/p/travel-size-acidic-color-gloss-conditioner-pimprod2042834?sku=2619143
U338,https://www.ulta.com/p/goddess-strength-fortifying-conditioner-pimprod2019971?sku=2572929
U339,https://www.ulta.com/p/pomegranate-honey-moisturizing-detangling-conditioner-pimprod2039393?sku=2612268
U340,https://www.ulta.com/p/unbreakable-bonds-bond-building-conditioner-pimprod2037851?sku=2607822
U341,https://www.ulta.com/p/nutricurls-waves-curls-cleansing-conditioner-pimprod2008403?sku=2550676
U342,https://www.ulta.com/p/travel-size-strength-cure-conditioner-pimprod2017808?sku=2565127
U343,https://www.ulta.com/p/post-wash-calming-conditioner-pimprod2010521?sku=2553418
U344,https://www.ulta.com/p/clean-pure-nourishing-detox-conditioner-pimprod2015682?sku=2560878
U345,https://www.ulta.com/p/travel-size-hydra-source-conditioner-xlsImpprod10141010?sku=2273897
U346,https://www.ulta.com/p/violet-conditioner-pimprod2044535?sku=2622455
U347,https://www.ulta.com/p/vibes-hair-slay-split-end-mending-conditioner-pimprod2038276?sku=2608247
U348,https://www.ulta.com/p/curl-coco-motion-lubricating-conditioner-pimprod2044132?sku=2607934
U349,https://www.ulta.com/p/extra-gentle-conditioner-sensitive-skin-scalp-vegan-pimprod2023654?sku=2579354
U350,https://www.ulta.com/p/purple-toning-solid-conditioner-bar-pimprod2037037?sku=2606296
U351,https://www.ulta.com/p/anti-dandruff-apple-cider-vinegar-salicylic-acid-conditioner-13-oz-pimprod2036914?sku=2604093
U352,https://www.ulta.com/p/perfect-repair-conditioner-pimprod2013648?sku=2564022
U353,https://www.ulta.com/p/be-gentle-be-kind-aloe-oat-milk-ultra-soothing-fragrance-free-hypoallergenic-conditioner-pimprod2031237?sku=2595116
U354,https://www.ulta.com/p/argan-oil-repairing-deep-conditioner-packette-xlsImpprod11171013?sku=2280587
U355,https://www.ulta.com/p/curlbond-re-coiling-cream-conditioner-pimprod2025854?sku=2581858
U356,https://www.ulta.com/p/deeper-conditioner-fragrance-free-pimprod2024623?sku=2584261
U357,https://www.ulta.com/p/acv-revitalizing-conditioner-pimprod2039427?sku=2608599
U358,https://www.ulta.com/p/jamaican-black-castor-oil-strengthen-restore-rinse-out-conditioner-xlsImpprod13762201?sku=2298787
U359,https://www.ulta.com/p/purple-conditioner-pimprod2043101?sku=2617798
U360,https://www.ulta.com/p/travel-size-full-conditioner-volume-fullness-pimprod2031832?sku=2592988
U361,https://www.ulta.com/p/everpure-sulfate-free-simply-clean-conditioner-pimprod2040684?sku=2611248
U362,https://www.ulta.com/p/mango-tulsi-nourishing-conditioner-pimprod2032825?sku=2597995
U363,https://www.ulta.com/p/travel-size-no-frizz-conditioner-pimprod2031837?sku=2592980
U364,https://www.ulta.com/p/fructis-hair-filler-strength-repair-conditioner-pimprod2043440?sku=2620121
U365,https://www.ulta.com/p/manuka-honey-yogurt-hydrate-repair-conditioner-pimprod2014885?sku=2563398
U366,https://www.ulta.com/p/hydrating-jojoba-oil-silicone-free-curl-conditioner-pimprod2021461?sku=2577887
U367,https://www.ulta.com/p/travel-size-essential-moisture-conditioner-pimprod2041545?sku=2612436
U368,https://www.ulta.com/p/heal-hydrate-shea-butter-conditioner-xlsImpprod14071304?sku=2302473
U369,https://www.ulta.com/p/travel-size-perfect-hair-day-conditioner-hydration-shine-pimprod2031833?sku=2592970
U370,https://www.ulta.com/p/monoi-coconut-oil-nourishing-deep-conditioner-packette-xlsImpprod11171027?sku=2280590
U371,https://www.ulta.com/p/perfect-volume-conditioner-pimprod2013659?sku=2564039
U372,https://www.ulta.com/p/lazy-jane-air-dry-conditioner-pimprod2017006?sku=2577940
U373,https://www.ulta.com/p/travel-size-tea-tree-lavender-mint-moisturizing-conditioner-pimprod2000636?sku=2534205
U374,https://www.ulta.com/p/fructis-hair-filler-moisture-repair-conditioner-pimprod2043444?sku=2620119
U375,https://www.ulta.com/p/travel-size-smooth-perfection-conditioner-pimprod2017801?sku=2565129
U376,https://www.ulta.com/p/volume-conditioner-pimprod2022910?sku=2579294
U377,https://www.ulta.com/p/quenching-coconut-curls-curl-defining-conditioner-xlsImpprod11731439?sku=2283710
U378,https://www.ulta.com/p/born-repair-nourishing-conditioner-with-shea-butter-pimprod2038830?sku=2609884
U379,https://www.ulta.com/p/travel-size-original-conditioner-xlsImpprod10271267?sku=2047429
U380,https://www.ulta.com/p/fructis-hair-filler-color-repair-conditioner-pimprod2043442?sku=2620118
U381,https://www.ulta.com/p/tone-it-down-blonde-conditioner-pimprod2023247?sku=2577946
U382,https://www.ulta.com/p/nourishing-coconut-milk-conditioner-xlsImpprod560222?sku=2149484
U383,https://www.ulta.com/p/travel-size-curl-3-in-1-moisturizing-conditioner-pimprod2022816?sku=2579281
U384,https://www.ulta.com/p/travel-size-strength-recovery-conditioner-damaged-hair-pimprod2034637?sku=2598751
U385,https://www.ulta.com/p/ultra-gentle-conditioner-with-oat-milk-pimprod2027304?sku=2586833
U386,https://www.ulta.com/p/healthy-sexy-hair-bright-blonde-conditioner-xlsImpprod11951071?sku=2577270
U387,https://www.ulta.com/p/coconut-hibiscus-curl-shine-conditioner-travel-size-pimprod2040932?sku=2613369
U388,https://www.ulta.com/p/damage-remedy-coconut-miracle-oil-conditioner-xlsImpprod14071340?sku=2302491
U389,https://www.ulta.com/p/travel-size-restore-conditioner-stronger-softer-hair-pimprod2031853?sku=2592981
U390,https://www.ulta.com/p/travel-size-thickening-volume-conditioner-pimprod2042831?sku=2619837
U391,https://www.ulta.com/p/heal-hydrate-shea-butter-conditioner-pimprod2042786?sku=2617822
U392,https://www.ulta.com/p/travel-size-nanoworks-gold-conditioner-pimprod2017797?sku=2565114
U393,https://www.ulta.com/p/travel-size-lightweight-conditioner-pimprod2022155?sku=2565550
U394,https://www.ulta.com/p/travel-size-extreme-conditioner-xlsImpprod15511055?sku=2503866
U395,https://www.ulta.com/p/travel-size-unbreakable-bonds-bond-building-conditioner-pimprod2038141?sku=2607873
U396,https://www.ulta.com/p/travel-size-super-rich-conditioner-pimprod2024162?sku=2581056
U397,https://www.ulta.com/p/travel-size-resurrection-repair-conditioner-damaged-hair-pimprod2022411?sku=2576146
U398,https://www.ulta.com/p/travel-size-strength-cure-blonde-purple-conditioner-pimprod2017805?sku=2565141
U399,https://www.ulta.com/p/super-strength-conditioner-pimprod2034428?sku=2600783
U400,https://www.ulta.com/p/travel-size-all-in-one-coconut-infusion-multi-benefit-spray-pimprod2003311?sku=2540177
U401,https://www.ulta.com/p/multi-tasking-conditioner-pimprod2024561?sku=2579990
U402,https://www.ulta.com/p/travel-size-multi-tasking-conditioner-pimprod2031603?sku=2594926
U403,https://www.ulta.com/p/acidic-bonding-concentrate-5-minute-liquid-mask-pimprod2040573?sku=2614034
U404,https://www.ulta.com/p/therapy-session-hair-mask-xlsImpprod5160075?sku=2257269
U405,https://www.ulta.com/p/no8-bond-intense-moisture-mask-pimprod2029355?sku=2591019
U406,https://www.ulta.com/p/fine-medium-hair-treatment-masque-pimprod2023428?sku=2578798
U407,https://www.ulta.com/p/all-soft-heavy-cream-hair-mask-xlsImpprod15511089?sku=2580467
U408,https://www.ulta.com/p/chris-appleton-color-wow-money-masque-pimprod2044135?sku=2607938
U409,https://www.ulta.com/p/miracle-hair-mask-conditioning-treatment-xlsImpprod6481226?sku=2218073
U410,https://www.ulta.com/p/food-soft-rich-hydrating-treatment-mask-pimprod2038911?sku=2609297
U411,https://www.ulta.com/p/rosemary-mint-strengthening-hair-masque-pimprod2033946?sku=2601407
U412,https://www.ulta.com/p/hydrate-superfood-hair-mask-xlsImpprod16721071?sku=2565144
U413,https://www.ulta.com/p/like-a-virgin-super-nourishing-coconut-fig-hair-masque-pimprod2006438?sku=2549232
U414,https://www.ulta.com/p/extreme-length-triple-action-treatment-mask-pimprod2030603?sku=2590520
U415,https://www.ulta.com/p/defy-damage-kbond20-power-masque-pimprod2042027?sku=2618123
U416,https://www.ulta.com/p/miracle-weekly-hair-mask-with-salon-level-deep-conditioning-pimprod2014469?sku=2564042
U417,https://www.ulta.com/p/color-fanatic-multi-tasking-deep-conditioning-mask-xlsImpprod12871067?sku=2565530
U418,https://www.ulta.com/p/thick-hair-treatment-masque-pimprod2023436?sku=2578799
U419,https://www.ulta.com/p/defy-damage-protective-masque-bond-strengthening-color-longevity-pimprod2004179?sku=2543141
U420,https://www.ulta.com/p/hydrating-hair-mask-pimprod2032273?sku=2594262
U421,https://www.ulta.com/p/strength-cure-superfood-hair-mask-xlsImpprod16721075?sku=2565134
U422,https://www.ulta.com/p/a-curl-can-dream-rich-mask-pimprod2026751?sku=2586592
U423,https://www.ulta.com/p/strength-recovery-deep-treatment-mask-damaged-hair-pimprod2034331?sku=2598747
U424,https://www.ulta.com/p/hydra-source-aloe-mask-xlsImpprod6490124?sku=2227728
U425,https://www.ulta.com/p/curl-charisma-rice-amino-avocado-hydrating-defining-hair-mask-curly-hair-pimprod2025758?sku=2584074
U426,https://www.ulta.com/p/ultra-hydra-source-deep-treatment-mask-pimprod2032152?sku=2594909
U427,https://www.ulta.com/p/strand-strengthening-reconstructive-moisture-mask-dry-damaged-hair-pimprod2023595?sku=2579381
U428,https://www.ulta.com/p/scalp-revival-charcoal-tea-tree-cooling-hydration-mask-pimprod2029875?sku=2590812
U429,https://www.ulta.com/p/perfect-repair-treatment-masque-pimprod2013671?sku=2564025
U430,https://www.ulta.com/p/frizz-dismiss-hair-mask-pimprod2004647?sku=2580466
U431,https://www.ulta.com/p/restore-repair-mask-conditioning-hair-pimprod2037268?sku=2604516
U432,https://www.ulta.com/p/nourishing-masque-xlsImpprod6370203?sku=2137690
U433,https://www.ulta.com/p/flourish-thickening-hydrating-mask-thinning-hair-pimprod2034288?sku=2601481
U434,https://www.ulta.com/p/super-strength-mask-pimprod2034429?sku=2600784
U435,https://www.ulta.com/p/dark-oil-lightweight-mask-pimprod2008149?sku=2550681
U436,https://www.ulta.com/p/amla-oil-bond-repair-masque-pimprod2044653?sku=2620664
U437,https://www.ulta.com/p/color-last-deep-treatment-pack-multi-use-hair-mask-pimprod2005004?sku=2543965
U438,https://www.ulta.com/p/sweet-repair-repairing-restoring-hair-mask-pimprod2033707?sku=2601029
U439,https://www.ulta.com/p/hairdressers-invisible-oil-hydrating-hair-mask-pimprod2018216?sku=2568609
U440,https://www.ulta.com/p/purple-hair-mask-pimprod2024770?sku=2580730
U441,https://www.ulta.com/p/treatment-hair-mask-pimprod2022651?sku=2579063
U442,https://www.ulta.com/p/curl-talk-bond-building-mask-pimprod2036421?sku=2602795
U443,https://www.ulta.com/p/rehab-hydrating-masque-pimprod2018479?sku=2569131
U444,https://www.ulta.com/p/anti-breakage-strengthening-mask-pimprod2044567?sku=2623049
U445,https://www.ulta.com/p/ghost-mask-pimprod2024746?sku=2580718
U446,https://www.ulta.com/p/jamaican-black-castor-oil-strengthen-restore-masque-xlsImpprod11361009?sku=2281364
U447,https://www.ulta.com/p/manuka-honey-mafura-oil-intensive-hydration-hair-masque-xlsImpprod12812803?sku=2290595
U448,https://www.ulta.com/p/travel-size-acidic-bonding-concentrate-5-minute-liquid-mask-pimprod2040618?sku=2614036
U449,https://www.ulta.com/p/hydro-creme-soothing-mask-pimprod2010522?sku=2553412
U450,https://www.ulta.com/p/violet-purple-toning-masque-pimprod2020736?sku=2576515
U451,https://www.ulta.com/p/monoi-repairing-hair-mask-xlsImpprod4210183?sku=2292344
U452,https://www.ulta.com/p/heal-hydrate-shea-butter-hair-mask-xlsImpprod14071296?sku=2302469
U453,https://www.ulta.com/p/restructuring-bond-repair-masque-pimprod2027109?sku=2586407
U454,https://www.ulta.com/p/invigo-brilliance-mask-normal-hair-pimprod2003699?sku=2541269
U455,https://www.ulta.com/p/hair-redemption-restorative-butter-masque-pimprod2026777?sku=2585502
U456,https://www.ulta.com/p/moisture-mask-pimprod2043115?sku=2617814
U457,https://www.ulta.com/p/hydrating-hair-mask-pimprod2024768?sku=2580723
U458,https://www.ulta.com/p/silver-lining-purple-butter-masque-pimprod2026782?sku=2585506
U459,https://www.ulta.com/p/bonding-mask-pimprod2041230?sku=2614245
U460,https://www.ulta.com/p/blueberry-bliss-reparative-hair-mask-pimprod2025608?sku=2583867
U461,https://www.ulta.com/p/blonde-rx-anti-brass-repair-mask-pimprod2034421?sku=2600777
U462,https://www.ulta.com/p/nutricurls-mask-pimprod2008400?sku=2582271
U463,https://www.ulta.com/p/travel-size-like-a-virgin-super-nourishing-coconut-fig-hair-masque-pimprod2014224?sku=2554610
U464,https://www.ulta.com/p/blonde-baby-color-depositing-purple-mask-pimprod2028824?sku=2586996
U465,https://www.ulta.com/p/invigo-brilliance-mask-coarse-hair-pimprod2003701?sku=2541274
U466,https://www.ulta.com/p/coconut-hibiscus-hair-masque-pimprod2005439?sku=2543648
U467,https://www.ulta.com/p/colormotion-structure-mask-pimprod2035258?sku=2600519
U468,https://www.ulta.com/p/overnight-leave-in-hair-mask-pimprod2036888?sku=2602677
U469,https://www.ulta.com/p/curl-tone-anti-brass-conditioning-mask-pimprod2034151?sku=2599189
U470,https://www.ulta.com/p/intense-therapy-repairing-masque-pimprod2019443?sku=2570451
U471,https://www.ulta.com/p/platinum-rapid-hydration-mask-rich-pimprod2033812?sku=2600760
U472,https://www.ulta.com/p/travel-size-hairdressers-invisible-oil-hydrating-hair-mask-pimprod2018217?sku=2568606
U473,https://www.ulta.com/p/platinum-rapid-hydration-mask-light-pimprod2033811?sku=2600759
U474,https://www.ulta.com/p/mane-character-vibes-hydrating-hair-mask-pimprod2028502?sku=2585747
U475,https://www.ulta.com/p/honey-miracle-hair-mask-deep-conditioner-pimprod2005394?sku=2544778
U476,https://www.ulta.com/p/anti-frizz-creme-pimprod2043906?sku=2621586
U477,https://www.ulta.com/p/curl-defining-cream-pimprod2025447?sku=2583401
U478,https://www.ulta.com/p/double-cream-deep-quencher-pimprod2010526?sku=2553408
U479,https://www.ulta.com/p/recoil-curl-activator-pimprod2037269?sku=2608525
U480,https://www.ulta.com/p/styling-cream-pimprod2016912?sku=2565542
U481,https://www.ulta.com/p/no-frizz-smooth-styling-cream-medium-hair-pimprod2036953?sku=2604510
U482,https://www.ulta.com/p/travel-size-anti-frizz-creme-pimprod2043905?sku=2621587
U483,https://www.ulta.com/p/pineapple-curls-curl-defining-cream-curly-hair-pimprod2002207?sku=2540558
U484,https://www.ulta.com/p/feather-light-protein-cream-pimprod2021328?sku=2570253
U485,https://www.ulta.com/p/hydrating-curl-cream-pimprod2044865?sku=2622382
U486,https://www.ulta.com/p/silkening-heat-creme-pimprod2009033?sku=2550547
U487,https://www.ulta.com/p/full-thickening-blow-dry-cream-pimprod2039728?sku=2609976
U488,https://www.ulta.com/p/curl-defining-hair-styling-cream-pimprod2018235?sku=2565572
U489,https://www.ulta.com/p/curl-conditioning-oil-in-cream-xlsImpprod17391101?sku=2524535
U490,https://www.ulta.com/p/a-curl-can-dream-moisturizing-cream-pimprod2026754?sku=2586593
U491,https://www.ulta.com/p/after-party-super-smoothing-cream-pimprod2022462?sku=2576162
U492,https://www.ulta.com/p/awapuhi-wild-ginger-hydrocream-whip-mousse-pimprod2041595?sku=2614265
U493,https://www.ulta.com/p/curl-light-defining-styling-cream-pimprod2028145?sku=2587675
U494,https://www.ulta.com/p/seaweed-air-dry-cream-pimprod2039336?sku=2610213
U495,https://www.ulta.com/p/bond-building-repair-hair-styling-cream-pimprod2021537?sku=2574730
U496,https://www.ulta.com/p/class-of-93-curl-perfecting-whipped-cream-pimprod2033474?sku=2599029
U497,https://www.ulta.com/p/twist-elongating-style-cream-pimprod2044873?sku=2620736
U498,https://www.ulta.com/p/curlheights-volume-body-boost-cream-pimprod2042759?sku=2620072
U499,https://www.ulta.com/p/small-talk-hair-thickening-cream-pimprod2022520?sku=2576171
U500,https://www.ulta.com/p/gotta-bounce-curl-defining-cream-pimprod2030468?sku=2591965
U501,https://www.ulta.com/p/mini-after-party-super-smoothing-cream-pimprod2022463?sku=2576163
U502,https://www.ulta.com/p/style-sexy-hair-curling-creme-curl-moisturizing-control-creme-xlsImpprod16541065?sku=2569612
U503,https://www.ulta.com/p/travel-size-seaweed-air-dry-cream-pimprod2039335?sku=2610214
U504,https://www.ulta.com/p/travel-size-curl-defining-hair-styling-cream-pimprod2018247?sku=2565571
U505,https://www.ulta.com/p/travel-size-curl-conditioning-oil-in-cream-pimprod2024562?sku=2579832
U506,https://www.ulta.com/p/pro-artist-heat-bonding-styler-recovery-styling-cream-pimprod2039047?sku=2609407
U507,https://www.ulta.com/p/travel-size-styling-cream-pimprod2016911?sku=2565539
U508,https://www.ulta.com/p/hair-cream-leave-in-curl-cream-mini-pimprod2035018?sku=2603160
U509,https://www.ulta.com/p/healthy-sexy-hair-blowout-creme-pimprod2042449?sku=2617784
U510,https://www.ulta.com/p/30-proof-light-hold-styling-cream-pimprod2019143?sku=2570521
U511,https://www.ulta.com/p/hydra-source-daily-leave-in-cream-xlsImpprod6490118?sku=2119061
U512,https://www.ulta.com/p/goddess-strength-divine-strength-leave-in-cream-pimprod2019974?sku=2572930
U513,https://www.ulta.com/p/born-repair-defining-leave-in-cream-with-shea-butter-pimprod2038832?sku=2609868
U514,https://www.ulta.com/p/weightless-air-dry-cream-pimprod2015566?sku=2562709
U515,https://www.ulta.com/p/sweet-potato-pie-extra-creamy-hair-cream-pimprod2036619?sku=2605313
U516,https://www.ulta.com/p/infusion-keratin-replenisher-blow-dry-cream-xlsImpprod10111266?sku=2500626
U517,https://www.ulta.com/p/travel-size-weightless-air-dry-cream-pimprod2024560?sku=2579831
U518,https://www.ulta.com/p/bond-therapy-smoothing-leave-in-cream-pimprod2041083?sku=2614382
U519,https://www.ulta.com/p/smooth-proof-leave-in-cream-xlsImpprod6490142?sku=2215566
U520,https://www.ulta.com/p/goddess-strength-true-stretch-defining-cream-with-castor-oil-pimprod2038412?sku=2610164
U521,https://www.ulta.com/p/miracle-leave-in-potion-plus-keratin-xlsImpprod6481228?sku=2250818
U522,https://www.ulta.com/p/no6-bond-smoother-pimprod2030408?sku=2592990
U523,https://www.ulta.com/p/lightweight-hair-oil-pimprod2039073?sku=2611085
U524,https://www.ulta.com/p/no-frizz-vanishing-smooth-hair-oil-pimprod2034857?sku=2600265
U525,https://www.ulta.com/p/dark-oil-xlsImpprod14391053?sku=2305849
U526,https://www.ulta.com/p/u-oil-argan-pimprod2043559?sku=2622930
U527,https://www.ulta.com/p/renewing-argan-oil-of-morocco-weightless-healing-dry-oil-xlsImpprod3560033?sku=2234680
U528,https://www.ulta.com/p/hair-oil-everyday-gloss-pimprod2035014?sku=2603154
U529,https://www.ulta.com/p/renewing-argan-oil-of-morocco-penetrating-oil-xlsImpprod2690029?sku=2223652
U530,https://www.ulta.com/p/nourishing-coconut-oil-weightless-hydrating-oil-mist-xlsImpprod4650001?sku=2249696
U531,https://www.ulta.com/p/renewing-argan-oil-of-morocco-extra-penetrating-oil-xlsImpprod3560027?sku=2234677
U532,https://www.ulta.com/p/miracle-lightweight-conditioning-shine-spray-pimprod2016829?sku=2567594
U533,https://www.ulta.com/p/rosemary-mint-scalp-hair-strengthening-oil-pimprod2033947?sku=2601408
U534,https://www.ulta.com/p/ghost-weightless-hair-oil-pimprod2024715?sku=2580711
U535,https://www.ulta.com/p/hair-oil-pimprod2012515?sku=2559059
U536,https://www.ulta.com/p/hairdressers-invisible-oil-frizz-reducing-hair-oil-xlsImpprod16451024?sku=2516143
U537,https://www.ulta.com/p/brazilian-glossy-nourishing-anti-frizz-hair-oil-pimprod2043019?sku=2618343
U538,https://www.ulta.com/p/keratin-healing-oil-hair-treatment-xlsImpprod10112070?sku=2264607
U539,https://www.ulta.com/p/travel-size-hair-oil-pimprod2016182?sku=2566002
U540,https://www.ulta.com/p/scalp-revival-rosemary-pre-wash-oil-pimprod2044016?sku=2621098
U541,https://www.ulta.com/p/all-soft-argan-6-oil-xlsImpprod15511083?sku=2580461
U542,https://www.ulta.com/p/hydrating-heat-protectant-healing-hair-oil-pimprod2021476?sku=2577873
U543,https://www.ulta.com/p/100-cold-pressed-virgin-marula-oil-pimprod2007099?sku=2551160
U544,https://www.ulta.com/p/tea-tree-oil-scalp-relief-treatment-pimprod2023250?sku=2576555
U545,https://www.ulta.com/p/amla-oil-bonding-oil-pimprod2044498?sku=2620665
U546,https://www.ulta.com/p/multi-use-pure-oil-blend-pimprod2044875?sku=2620735
U547,https://www.ulta.com/p/hair-oil-pimprod2043114?sku=2617804
U548,https://www.ulta.com/p/travel-size-hairdressers-invisible-oil-frizz-reducing-hair-oil-xlsImpprod16451026?sku=2516138
U549,https://www.ulta.com/p/rosemary-hair-scalp-strengthening-oil-pimprod2044020?sku=2621156
U550,https://www.ulta.com/p/awapuhi-wild-ginger-styling-treatment-oil-pimprod2041445?sku=2614254
U551,https://www.ulta.com/p/jojoba-oil-blend-pimprod2009736?sku=2552748
U552,https://www.ulta.com/p/coconut-miracle-oil-penetrating-oil-xlsImpprod14071348?sku=2302495
U553,https://www.ulta.com/p/goddess-strength-7-oil-blend-hair-scalp-oil-pimprod2019968?sku=2572927
U554,https://www.ulta.com/p/argan-oil-plus-moringa-oil-xlsImpprod11061044?sku=2277414
U555,https://www.ulta.com/p/a-curl-can-dream-lightweight-oil-pimprod2026756?sku=2586595
U556,https://www.ulta.com/p/anytime-anywhere-scalp-hair-milk-oil-pimprod2043456?sku=2617332
U557,https://www.ulta.com/p/argan-oil-blend-pimprod2009737?sku=2552752
U558,https://www.ulta.com/p/super-strength-everstrong-bonding-oil-pimprod2034430?sku=2600785
U559,https://www.ulta.com/p/coconut-hibiscus-smooth-shine-oil-pimprod2044657?sku=2620669
U560,https://www.ulta.com/p/vibes-start-finish-balm-oil-primer-finisher-pimprod2038230?sku=2608254
U561,https://www.ulta.com/p/manuka-honey-yogurt-strengthen-protect-oil-pimprod2044656?sku=2620668
U562,https://www.ulta.com/p/manuka-honey-mafura-oil-ultra-moisture-nourish-oil-pimprod2044655?sku=2620667
U563,https://www.ulta.com/p/blonde-rx-brightening-oil-vitamin-c-elixir-pimprod2034425?sku=2600780
U564,https://www.ulta.com/p/travel-size-awapuhi-wild-ginger-styling-treatment-oil-pimprod2041444?sku=2614253
U565,https://www.ulta.com/p/thick-full-biotin-collagen-weightless-oil-mist-pimprod2030519?sku=2591958
U566,https://www.ulta.com/p/like-a-virgin-miracle-hair-elixir-pimprod2020629?sku=2574773
U567,https://www.ulta.com/p/no9-bond-protector-nourishing-hair-serum-pimprod2031995?sku=2596420
U568,https://www.ulta.com/p/weightless-shine-working-serum-frizz-taming-hair-smoothing-pimprod2023597?sku=2579382
U569,https://www.ulta.com/p/no-frizz-smooth-styling-serum-coarse-hair-pimprod2036951?sku=2604511
U570,https://www.ulta.com/p/gloss-drops-shine-serum-xlsImpprod10271277?sku=2047734
U571,https://www.ulta.com/p/brilliant-gloss-glass-hair-anti-frizz-serum-pimprod2034432?sku=2600787
U572,https://www.ulta.com/p/coconut-milk-anti-breakage-serum-xlsImpprod2960061?sku=2204320
U573,https://www.ulta.com/p/scalp-serum-pimprod2035929?sku=2603531
U574,https://www.ulta.com/p/super-skinny-serum-xlsImpprod10271295?sku=2099334
U575,https://www.ulta.com/p/scalp-care-density-serum-pimprod2044632?sku=2621592
U576,https://www.ulta.com/p/food-soft-multi-use-hair-oil-serum-pimprod2038909?sku=2609299
U577,https://www.ulta.com/p/magic-serum-fragrance-free-pimprod2030779?sku=2594153
U578,https://www.ulta.com/p/procapil-hair-tonic-scalp-serum-thinning-hair-pimprod2014475?sku=2564038
U579,https://www.ulta.com/p/scalp-love-rosemary-mint-serum-pimprod2014379?sku=2560501
U580,https://www.ulta.com/p/travel-size-smoothing-super-skinny-serum-xlsImpprod10271293?sku=2099333
U581,https://www.ulta.com/p/healing-strength-neem-plant-silk-serum-xlsImpprod10112010?sku=2121845
U582,https://www.ulta.com/p/damage-reverse-hair-serum-pimprod2044277?sku=2621864
U583,https://www.ulta.com/p/triple-repair-split-end-mending-serum-pimprod2042817?sku=2614496
U584,https://www.ulta.com/p/bond-building-repair-hair-oil-serum-pimprod2037670?sku=2604044
U585,https://www.ulta.com/p/curl-flo-etry-vital-natural-serum-pimprod2044133?sku=2607935
U586,https://www.ulta.com/p/scalp-sync-oil-balancing-serum-pimprod2044105?sku=2620871
U587,https://www.ulta.com/p/smooth-proof-serum-xlsImpprod10141016?sku=2273917
U588,https://www.ulta.com/p/follicle-boosting-serum-pimprod2038657?sku=2608405
U589,https://www.ulta.com/p/caviar-anti-aging-restructuring-bond-repair-3-in-1-sealing-serum-pimprod2000563?sku=2534626
U590,https://www.ulta.com/p/rapid-repair-serum-damaged-hair-pimprod2014477?sku=2564044
U591,https://www.ulta.com/p/elvive-hyaluron-plump-moisture-plump-serum-pimprod2036341?sku=2602653
U592,https://www.ulta.com/p/scalp-serum-pimprod2022657?sku=2579064
U593,https://www.ulta.com/p/elvive-dream-lengths-frizz-killer-serum-leave-in-pimprod2042894?sku=2621584
U594,https://www.ulta.com/p/platinum-color-charge-spray-serum-xlsImpprod15301017?sku=2502518
U595,https://www.ulta.com/p/fortifying-hair-repair-split-end-serum-pimprod2021752?sku=2577871
U596,https://www.ulta.com/p/penetraitt-overnight-repair-serum-with-hyaluronic-acid-pimprod2040047?sku=2611929
U597,https://www.ulta.com/p/super-power-fortifying-hair-scalp-serum-duo-pimprod2026703?sku=2585648
U598,https://www.ulta.com/p/caviar-anti-aging-infinite-color-hold-dual-use-serum-pimprod2000198?sku=2534339
U599,https://www.ulta.com/p/full-lengths-density-elixir-pimprod2002197?sku=2541544
U600,https://www.ulta.com/p/styling-custard-gel-pimprod2027177?sku=2586187
U601,https://www.ulta.com/p/pomegranate-honey-coil-sculpting-custard-pimprod2032137?sku=2595078
U602,https://www.ulta.com/p/curl-gel-pimprod2016693?sku=2565555
U603,https://www.ulta.com/p/glued-brow-edge-gel-pimprod2042409?sku=2615387
U604,https://www.ulta.com/p/a-curl-can-dream-light-hold-gel-pimprod2026755?sku=2586594
U605,https://www.ulta.com/p/extra-body-flexible-sculpting-gel-11531?sku=6025595
U606,https://www.ulta.com/p/styling-gel-17-xlsImpprod6370181?sku=2103584
U607,https://www.ulta.com/p/sculpting-curl-gel-pimprod2044867?sku=2622383
U608,https://www.ulta.com/p/firm-hold-styling-gel-xlsImpprod10271100?sku=2264815
U609,https://www.ulta.com/p/styling-custard-gel-pimprod2027177?sku=2586187
U610,https://www.ulta.com/p/flexible-style-super-sculpt-gel-xlsImpprod10271233?sku=2047441
U611,https://www.ulta.com/p/hair-thickening-gel-pimprod2044580?sku=2623072
U612,https://www.ulta.com/p/style-sexy-hair-hard-up-hard-holding-gel-xlsImpprod5770185?sku=2262243
U613,https://www.ulta.com/p/style-sexy-hair-hard-up-holding-gel-pimprod2006720?sku=2550519
U614,https://www.ulta.com/p/hair-gel-long-wear-curl-capturing-gloss-pimprod2040122?sku=2615007
U615,https://www.ulta.com/p/rosemary-mint-strengthening-edge-gel-pimprod2038646?sku=2607703
U616,https://www.ulta.com/p/travel-size-curl-gel-pimprod2016694?sku=2565546
U617,https://www.ulta.com/p/coil-infusion-good-shape-defining-gel-pimprod2024661?sku=2579275
U618,https://www.ulta.com/p/good-spin-flexible-curl-defining-gelee-pimprod2033473?sku=2599030
U619,https://www.ulta.com/p/travel-size-style-sexy-hair-hard-up-hard-holding-gel-xlsImpprod5770183?sku=2262242
U620,https://www.ulta.com/p/volume-mousse-extra-17-xlsImpprod6370169?sku=2084031
U621,https://www.ulta.com/p/flexible-style-sculpting-foam-xlsImpprod10271227?sku=6021136
U622,https://www.ulta.com/p/platinum-thickening-mousse-xlsImpprod6481095?sku=2271664
U623,https://www.ulta.com/p/big-sexy-hair-root-pump-plus-humidity-resistant-volumizing-spray-mousse-xlsImpprod4270021?sku=2558774
U624,https://www.ulta.com/p/extra-body-sculpting-volumizing-foam-7885?sku=6025592
U625,https://www.ulta.com/p/full-texturizing-foam-pimprod2039731?sku=2609971
U626,https://www.ulta.com/p/thickening-volumizing-mousse-fine-flat-hair-pimprod2021745?sku=2577995
U627,https://www.ulta.com/p/pomegranate-honey-curl-defining-mousse-with-hold-pimprod2036265?sku=2603783
U628,https://www.ulta.com/p/whip-volumizing-mousse-pimprod2016828?sku=2567593
U629,https://www.ulta.com/p/big-sexy-hair-root-pump-volumizing-spray-mousse-xlsImpprod4270017?sku=2558480
U630,https://www.ulta.com/p/paul-mitchell-soft-style-foaming-pommade-xlsImpprod10271297?sku=6026494
U631,https://www.ulta.com/p/travel-size-flexible-style-sculpting-foam-xlsImpprod10271225?sku=6021572
U632,https://www.ulta.com/p/travel-size-extra-body-sculpting-foam-xlsImpprod12711101?sku=6025590
U633,https://www.ulta.com/p/caviar-anti-aging-multiplying-volume-styling-mousse-pimprod2000187?sku=2534335
U634,https://www.ulta.com/p/setter-mousse-pimprod2039108?sku=2608279
U635,https://www.ulta.com/p/eimi-nutricurls-soft-twirl-anti-frizz-styling-foam-pimprod2008404?sku=2550677
U636,https://www.ulta.com/p/curl-quenching-conditioning-wash-xlsImpprod17391105?sku=2524536
U637,https://www.ulta.com/p/a-curl-can-dream-co-wash-pimprod2026750?sku=2586591
U638,https://www.ulta.com/p/no-frizz-smooth-styling-spray-fine-hair-pimprod2036950?sku=2604508
U639,https://www.ulta.com/p/super-strength-protein-powerbond-mist-pimprod2034431?sku=2600786
U640,https://www.ulta.com/p/k-pak-color-therapy-luster-lock-spray-pimprod2018486?sku=2563133
U641,https://www.ulta.com/p/miracle-shield-pimprod2031717?sku=2594016
U642,https://www.ulta.com/p/wild-marula-tangle-spray-pimprod2028049?sku=2588461
U643,https://www.ulta.com/p/so-silver-all-in-one-toning-leave-in-spray-pimprod2032965?sku=2594920
U644,https://www.ulta.com/p/all-soft-moisture-restore-leave-in-treatment-with-hyaluronic-acid-pimprod2035364?sku=2601446
U645,https://www.ulta.com/p/all-soft-mega-curls-hydramelt-leave-in-treatment-pimprod2038014?sku=2609292
U646,https://www.ulta.com/p/dream-cocktail-coconut-infused-leave-in-treatment-xlsImpprod14021219?sku=2301947
U647,https://www.ulta.com/p/acidic-bonding-curls-silicone-free-leave-in-treatment-pimprod2045233?sku=2622381
U648,https://www.ulta.com/p/dream-cocktail-carb-infused-leave-in-treatment-xlsImpprod14021221?sku=2301948
U649,https://www.ulta.com/p/dream-cocktail-kale-infused-leave-in-treatment-xlsImpprod14021223?sku=2301949
U650,https://www.ulta.com/p/healthy-sexy-hair-so-you-want-it-all-leave-in-treatment-xlsImpprod17671253?sku=2520197
U651,https://www.ulta.com/p/one-united-multi-benefit-treatment-spray-xlsImpprod12541003?sku=2290071
U652,https://www.ulta.com/p/silk-infusion-silk-reconstructing-complex-xlsImpprod4730019?sku=2113783
U653,https://www.ulta.com/p/silk-therapy-original-xlsImpprod6480302?sku=2271941
U654,https://www.ulta.com/p/healing-colorcare-trauma-treatment-xlsImpprod10112008?sku=2116873
U655,https://www.ulta.com/p/travel-size-one-united-multi-benefit-treatment-spray-xlsImpprod12541001?sku=2290072
U656,https://www.ulta.com/p/dont-despair-repair-moisture-damage-defense-leave-in-hair-treatment-pimprod2040363?sku=2614302
U657,https://www.ulta.com/p/travel-size-silk-infusion-silk-reconstructing-complex-xlsImpprod4730017?sku=2113782
U658,https://www.ulta.com/p/tough-love-bonding-leave-in-protector-pimprod2039911?sku=2610910
U659,https://www.ulta.com/p/keratin-silk-infusion-keratin-silk-reconstructing-complex-xlsImpprod5180369?sku=2257651
U660,https://www.ulta.com/p/travel-size-silk-therapy-original-xlsImpprod6480300?sku=2271940
U661,https://www.ulta.com/p/amino-bond-intense-bonding-treatment-pimprod2044015?sku=2617642
U662,https://www.ulta.com/p/leave-in-detangling-tonic-pimprod2043120?sku=2617799
U663,https://www.ulta.com/p/perfect-repair-leave-in-treatment-pimprod2014978?sku=2564258
U664,https://www.ulta.com/p/healthy-sexy-hair-core-flex-anti-breakage-leave-in-reconstructor-xlsImpprod14591015?sku=2577281
U665,https://www.ulta.com/p/triple-bond-complex-leave-in-hair-treatment-pimprod2034628?sku=2600419
U666,https://www.ulta.com/p/extreme-play-safe-heat-protectant-damage-repair-treatment-pimprod2008506?sku=2580471
U667,https://www.ulta.com/p/intense-therapy-leave-in-treatment-xlsImpprod6500349?sku=2274301
U668,https://www.ulta.com/p/bond-repair-intensive-leave-in-treatment-masque-pimprod2040925?sku=2614587
U669,https://www.ulta.com/p/allcurl-hydrating-leave-in-pimprod2034412?sku=2600771
U670,https://www.ulta.com/p/k-pak-color-therapy-luster-lock-pimprod2018484?sku=2563139
U671,https://www.ulta.com/p/awapuhi-wild-ginger-intensive-treatment-pimprod2041443?sku=2614252
U672,https://www.ulta.com/p/bond-building-repair-treatment-pimprod2021387?sku=2574728
U673,https://www.ulta.com/p/manuka-honey-yogurt-hydrate-repair-protein-strong-treatment-xlsImpprod17711005?sku=2521655
U674,https://www.ulta.com/p/travel-size-acidic-bonding-concentrate-intensive-treatment-damaged-hair-pimprod2032107?sku=2594678
U675,https://www.ulta.com/p/hydrate-soft-softening-treatment-pimprod2019247?sku=2569495
U676,https://www.ulta.com/p/bond-repair-solid-treatment-bar-pimprod2040953?sku=2614370
U677,https://www.ulta.com/p/bond-therapy-intensive-treatment-pimprod2041084?sku=2614279
U678,https://www.ulta.com/p/tough-love-intense-bonding-treatment-pimprod2039908?sku=2610915
U679,https://www.ulta.com/p/platinum-restorative-reconstructor-pimprod2005329?sku=2543737
U680,https://www.ulta.com/p/travel-size-awapuhi-wild-ginger-intensive-treatment-pimprod2041442?sku=2614250
U681,https://www.ulta.com/p/travel-size-bond-building-repair-treatment-pimprod2021545?sku=2576087
U682,https://www.ulta.com/p/dont-despair-repair-rice-water-protein-moisture-strengthening-hair-treatment-pimprod2034488?sku=2600268
U683,https://www.ulta.com/p/infra-therma-protective-treatment-xlsImpprod4730005?sku=2113777
U684,https://www.ulta.com/p/born-repair-60-second-moisture-treatment-with-shea-butter-pimprod2038831?sku=2609867
